-- datos para productStatus
    INSERT INTO productStatus (`statusId`, `statusName`) VALUES ('1', 'Nuevo');
    INSERT INTO productStatus (`statusId`, `statusName`) VALUES ('2', 'Usado');

-- datos para productCategories
    INSERT INTO `ProductCategories` (`categoryId`, `categoryName`) VALUES ('1', 'Gimnasio');
    INSERT INTO `ProductCategories` (`categoryId`, `categoryName`) VALUES ('2', 'Fútbol');
    INSERT INTO `ProductCategories` (`categoryId`, `categoryName`) VALUES ('3', 'Kinesiología');
    INSERT INTO `ProductCategories` (`categoryId`, `categoryName`) VALUES ('4', 'Suplementos');
    INSERT INTO `ProductCategories` (`categoryId`, `categoryName`) VALUES ('5', 'Boxeo');

-- datos para productColors
    INSERT INTO `productColors` (`colorid`, `colorName`) VALUES ('1', 'Azul');
    INSERT INTO `productColors` (`colorid`, `colorName`) VALUES ('2', 'Verde');
    INSERT INTO `productColors` (`colorid`, `colorName`) VALUES ('3', 'Celeste');
    INSERT INTO `productColors` (`colorid`, `colorName`) VALUES ('4', 'Negro');
    INSERT INTO `productColors` (`colorid`, `colorName`) VALUES ('5', 'Blanco');
    INSERT INTO `productColors` (`colorid`, `colorName`) VALUES ('6', 'Rojo');
    INSERT INTO `productColors` (`colorid`, `colorName`) VALUES ('7', 'Amarillo');

-- datos para productSizes
    INSERT INTO `productSizes` (`sizeId`, `sizeName`) VALUES ('1', 'XS');
    INSERT INTO `productSizes` (`sizeId`, `sizeName`) VALUES ('2', 'S');
    INSERT INTO `productSizes` (`sizeId`, `sizeName`) VALUES ('3', 'M');
    INSERT INTO `productSizes` (`sizeId`, `sizeName`) VALUES ('4', 'L');
    INSERT INTO `productSizes` (`sizeId`, `sizeName`) VALUES ('5', 'XL');
    INSERT INTO `productSizes` (`sizeId`, `sizeName`) VALUES ('6', 'XXL');

-- datos para products
    INSERT INTO products (productId, productName, productDescription, productMainImage, productStatusId, productCode, productCategoryId, productColorId, productSizeId, productUnitPrice) VALUES (1, "SmartWatch", "ultrices vel augue vestibulum ante ipsum primis in faucibus orci luctus et ultrices", "PRODUCT-Smartwatch.jpg", 1, "5-201314-255000", 1, 1, null, "4582.52");
    INSERT INTO products (productId, productName, productDescription, productMainImage, productStatusId, productCode, productCategoryId, productColorId, productSizeId, productUnitPrice) VALUES (2, "Pesas de 30kg", "ipsum aliquam non mauris morbi non lectus aliquam sit amet diam in magna bibendum imperdiet nullam orci pede venenatis non sodales sed tincidunt eu felis fusce posuere felis sed lacus morbi sem mauris laoreet ut rhoncus aliquet pulvinar sed nisl nunc rhoncus dui", "PRODUCT-Pesas30kg.png", 1, "5-201314-257324", 1, 2, null, "3105.88");
    INSERT INTO products (productId, productName, productDescription, productMainImage, productStatusId, productCode, productCategoryId, productColorId, productSizeId, productUnitPrice) VALUES (3, "Conjunto Deportivo", "eu nibh quisque id justo sit amet sapien dignissim vestibulum vestibulum ante ipsum primis in faucibus orci luctus et ultrices posuere cubilia", "PRODUCT-ConjuntoDeportivo.png", 2, "5-201314-259648", 1, 3, 1, "3546.96");
    INSERT INTO products (productId, productName, productDescription, productMainImage, productStatusId, productCode, productCategoryId, productColorId, productSizeId, productUnitPrice) VALUES (4, "Pelota de futbol", "metus sapien ut nunc vestibulum ante ipsum primis in faucibus orci luctus et ultrices posuere cubilia curae mauris viverra diam vitae quam suspendisse potenti nullam", "PRODUCT-Pelotafutbol.png", 1, "5-201314-261972", 2, 2, null, "3342.67");
    INSERT INTO products (productId, productName, productDescription, productMainImage, productStatusId, productCode, productCategoryId, productColorId, productSizeId, productUnitPrice) VALUES (5, "Maquina de gym", "orci luctus et ultrices posuere cubilia curae nulla dapibus dolor", "PRODUCT-Maquinagym.png", 2, "5-201314-264296", 1, 4, null, "3936.33");
    INSERT INTO products (productId, productName, productDescription, productMainImage, productStatusId, productCode, productCategoryId, productColorId, productSizeId, productUnitPrice) VALUES (6, "Kit de gimnasio en casa", "ipsum integer a nibh in quis justo maecenas rhoncus aliquam lacus morbi quis tortor id nulla ultrices aliquet maecenas leo odio condimentum id luctus nec molestie sed justo pellentesque viverra pede ac diam cras pellentesque volutpat dui maecenas", "PRODUCT-Kit-de-gimnasio-en-casa.png", 2, "5-201314-266620", 1, 4, null, "2644.91");
    INSERT INTO products (productId, productName, productDescription, productMainImage, productStatusId, productCode, productCategoryId, productColorId, productSizeId, productUnitPrice) VALUES (7, "Pelota Esferodinamia Reforzada 65", "sit amet consectetuer adipiscing elit proin risus praesent lectus vestibulum quam sapien varius ut blandit non interdum in ante vestibulum ante ipsum primis in faucibus orci", "PRODUCT-Pelota-Esferodinamia-Reforzada-65.png", 2, "5-201314-268944", 3, 5, null, "2098.91");
    INSERT INTO products (productId, productName, productDescription, productMainImage, productStatusId, productCode, productCategoryId, productColorId, productSizeId, productUnitPrice) VALUES (8, "Disco Propiocepcion Equilibrio Balance", "venenatis tristique fusce congue diam id ornare imperdiet sapien urna pretium nisl ut volutpat sapien arcu sed augue aliquam erat volutpat in congue etiam justo etiam pretium iaculis justo in hac habitasse", "PRODUCT-Disco-Propiocepcion-Equilibrio-Balance.png", 1, "5-201314-271268", 3, 6, null, "4542.00");
    INSERT INTO products (productId, productName, productDescription, productMainImage, productStatusId, productCode, productCategoryId, productColorId, productSizeId, productUnitPrice) VALUES (9, "Pelotas Estimulacion Dep Rehabilitacion Inflables", "massa donec dapibus duis at velit eu est congue elementum in hac habitasse", "PRODUCT-Pelotas-Estimulacion-Dep-Rehabilitacion-Inflables.png", 2, "5-201314-273592", 3, 7, 3, "1272.20");
    INSERT INTO products (productId, productName, productDescription, productMainImage, productStatusId, productCode, productCategoryId, productColorId, productSizeId, productUnitPrice) VALUES (10, "Tabla Equilibrio Propiocepcion Balance Board Kinesiologia", "vulputate vitae nisl aenean lectus pellentesque eget nunc donec quis orci eget orci vehicula condimentum curabitur in libero ut massa volutpat convallis morbi odio odio elementum eu interdum eu", "PRODUCT-Tabla-Equilibrio-Propiocepcion-Balance-Board-Kinesiologia.png", 1, "5-201314-275916", 3, 3, null, "1426.22");
    INSERT INTO products (productId, productName, productDescription, productMainImage, productStatusId, productCode, productCategoryId, productColorId, productSizeId, productUnitPrice) VALUES (11, "Canilleras de fútbol", "turpis adipiscing lorem vitae mattis nibh ligula nec sem duis aliquam convallis nunc proin at turpis a pede posuere nonummy integer non velit donec diam neque", "PRODUCT-Canilleras-de-fútbol.png", 2, "5-201314-278240", 2, 4, 3, "4334.99");
    INSERT INTO products (productId, productName, productDescription, productMainImage, productStatusId, productCode, productCategoryId, productColorId, productSizeId, productUnitPrice) VALUES (12, "Whey proteina concentrada", "aliquam augue quam sollicitudin vitae consectetuer eget rutrum at lorem integer tincidunt ante vel ipsum praesent blandit lacinia erat vestibulum sed magna at nunc commodo placerat praesent blandit nam nulla integer pede justo lacinia eget tincidunt eget tempus vel", "PRODUCT-Whey-proteina-concentrada.png", 1, "5-201314-280564", 4, null, null, "2944.86");
    INSERT INTO products (productId, productName, productDescription, productMainImage, productStatusId, productCode, productCategoryId, productColorId, productSizeId, productUnitPrice) VALUES (13, "Barra protéica", "amet justo morbi ut odio cras mi pede malesuada in imperdiet et commodo vulputate justo in blandit ultrices enim lorem ipsum dolor sit amet consectetuer adipiscing elit proin interdum mauris non ligula pellentesque ultrices phasellus id sapien in sapien iaculis congue vivamus metus arcu adipiscing molestie", "PRODUCT-Barra-protéica.png", 1, "5-201314-282888", 4, null, null, "3172.55");
    INSERT INTO products (productId, productName, productDescription, productMainImage, productStatusId, productCode, productCategoryId, productColorId, productSizeId, productUnitPrice) VALUES (14, "Vaso Shaker Antigrumos", "convallis morbi odio odio elementum eu interdum eu tincidunt in leo maecenas pulvinar lobortis est phasellus sit amet erat nulla tempus vivamus in felis eu sapien cursus vestibulum proin eu mi nulla ac enim in tempor turpis nec euismod scelerisque quam turpis adipiscing lorem vitae mattis nibh ligula nec sem", "PRODUCT-Vaso-Shaker-Antigrumos.png", 2, "5-201314-285212", 4, null, null, "1601.44");
    INSERT INTO products (productId, productName, productDescription, productMainImage, productStatusId, productCode, productCategoryId, productColorId, productSizeId, productUnitPrice) VALUES (15, "Creatina Monohidrato Star Nutrition Micronizada", "pede malesuada in imperdiet et commodo vulputate justo in blandit ultrices enim lorem ipsum dolor sit amet consectetuer adipiscing elit proin interdum mauris non ligula pellentesque ultrices phasellus id sapien in sapien iaculis congue vivamus", "PRODUCT-Creatina-Monohidrato-Star-Nutrition-Micronizada.png", 1, "5-201314-287536", 4, null, null, "1861.69");
    INSERT INTO products (productId, productName, productDescription, productMainImage, productStatusId, productCode, productCategoryId, productColorId, productSizeId, productUnitPrice) VALUES (16, "Combo Crecimiento Muscular Proteina+Creatina", "non pretium quis lectus suspendisse potenti in eleifend quam a odio in", "PRODUCT-Combo-Crecimiento-Muscular-Proteina+Creatina.png", 2, "5-201314-289860", 4, null, null, "2290.33");
    INSERT INTO products (productId, productName, productDescription, productMainImage, productStatusId, productCode, productCategoryId, productColorId, productSizeId, productUnitPrice) VALUES (17, "Protector bucal para boxeo", "risus praesent lectus vestibulum quam sapien varius ut blandit non interdum in ante vestibulum ante ipsum primis in faucibus orci luctus et ultrices", "PRODUCT-Protector-bucal-para-boxeo.png", 1, "5-201314-292184", 5, 7, 2, "948.46");
    INSERT INTO products (productId, productName, productDescription, productMainImage, productStatusId, productCode, productCategoryId, productColorId, productSizeId, productUnitPrice) VALUES (18, "Bolsa de Boxeo", "eget eleifend luctus ultricies eu nibh quisque id justo sit amet sapien dignissim vestibulum vestibulum ante ipsum primis in faucibus orci luctus et ultrices posuere cubilia curae nulla dapibus dolor vel est donec odio justo sollicitudin ut suscipit a feugiat et eros vestibulum ac", "PRODUCT-Bolsa-de-Boxeo.png", 1, "5-201314-294508", 5, 4, 5, "4662.77");
    INSERT INTO products (productId, productName, productDescription, productMainImage, productStatusId, productCode, productCategoryId, productColorId, productSizeId, productUnitPrice) VALUES (19, "Guantes de Boxeo 14 onz", "consequat in consequat ut nulla sed accumsan felis ut at dolor quis odio consequat varius integer ac leo pellentesque ultrices mattis odio donec vitae nisi nam ultrices libero non mattis pulvinar nulla pede ullamcorper augue a suscipit nulla elit ac nulla sed vel enim sit amet nunc viverra dapibus nulla", "PRODUCT-Guantes-de-Boxeo-14-onz.png", 2, "5-201314-296832", 5, 6, 3, "1964.17");
    INSERT INTO products (productId, productName, productDescription, productMainImage, productStatusId, productCode, productCategoryId, productColorId, productSizeId, productUnitPrice) VALUES (20, "Pesa Rusa Kettlebell 10 Kg", "nulla eget eros elementum pellentesque quisque porta volutpat erat quisque erat eros viverra eget congue eget semper rutrum nulla nunc purus phasellus in felis donec semper sapien a libero nam dui proin leo odio porttitor id consequat in", "PRODUCT-Pesa-Rusa-Kettlebell-10-Kg.png", 2, "5-201314-299156", 5, 6, null, "2389.62");
    INSERT INTO products (productId, productName, productDescription, productMainImage, productStatusId, productCode, productCategoryId, productColorId, productSizeId, productUnitPrice) VALUES (21, "Pelota2", "Pelota de Futbol", "productMainImage-1658199926352.jpg", 1, "76519278", 2, null, null, "10000");


-- datos para users
    INSERT INTO users (userId, userEmail, userImage, userLastNames, userNames, userPassword, userPhone, userReceiveOffersAndNews, userType) VALUES (1, "ojordon0@ask.com", "User_Avatar.jpeg", "Jordon", "Orran", "QXYKOW4wh", "926-731-6305", FALSE, "Vendedor");
    INSERT INTO users (userId, userEmail, userImage, userLastNames, userNames, userPassword, userPhone, userReceiveOffersAndNews, userType) VALUES (2, "vdewey1@ifeng.com", "User_Avatar.jpeg", "Dewey", "Viviana", "Y5ouonwz", "885-534-9099", FALSE, "Comprador");
    INSERT INTO users (userId, userEmail, userImage, userLastNames, userNames, userPassword, userPhone, userReceiveOffersAndNews, userType) VALUES (3, "mkilbee2@delicious.com", "userImage-1658553182833.jpeg", "Kilbee", "Meredith", "cN1Rw7R6ciQ", "129-970-4119", FALSE, "Vendedor");
    INSERT INTO users (userId, userEmail, userImage, userLastNames, userNames, userPassword, userPhone, userReceiveOffersAndNews, userType) VALUES (4, "wdidball3@seesaa.net", "userImage-1658553182835.jpeg", "Didball", "Wye", "xTkslxe4yVp", "505-797-3605", FALSE, "Vendedor");
    INSERT INTO users (userId, userEmail, userImage, userLastNames, userNames, userPassword, userPhone, userReceiveOffersAndNews, userType) VALUES (5, "mcheater4@independent.co.uk", "User_Avatar.jpeg", "Cheater", "Moyna", "A9hhsz9", "502-315-5267", TRUE, "Vendedor");
    INSERT INTO users (userId, userEmail, userImage, userLastNames, userNames, userPassword, userPhone, userReceiveOffersAndNews, userType) VALUES (6, "jberkowitz5@berkeley.edu", "User_Avatar.jpeg", "Berkowitz", "Jules", "qEWdiHX", "420-950-0806", TRUE, "Vendedor");
    INSERT INTO users (userId, userEmail, userImage, userLastNames, userNames, userPassword, userPhone, userReceiveOffersAndNews, userType) VALUES (7, "rlush6@springer.com", "User_Avatar.jpeg", "Lush", "Raphael", "73iZbyP", "164-698-7351", TRUE, "Vendedor");
    INSERT INTO users (userId, userEmail, userImage, userLastNames, userNames, userPassword, userPhone, userReceiveOffersAndNews, userType) VALUES (8, "krentoll7@examiner.com", "userImage-1658553182839.jpeg", "Rentoll", "Karia", "cofaF7Ul", "180-548-2380", FALSE, "Comprador");
    INSERT INTO users (userId, userEmail, userImage, userLastNames, userNames, userPassword, userPhone, userReceiveOffersAndNews, userType) VALUES (9, "fspeller8@gov.uk", "User_Avatar.jpeg", "Speller", "Frederic", "zhvo3gqq5Yx", "657-378-9889", FALSE, "Comprador");
    INSERT INTO users (userId, userEmail, userImage, userLastNames, userNames, userPassword, userPhone, userReceiveOffersAndNews, userType) VALUES (10, "rdeppe9@weather.com", "userImage-1658553182841.jpeg", "Deppe", "Reggie", "LEcfRfVFs5F", "456-175-1137", FALSE, "Comprador");
    INSERT INTO users (userId, userEmail, userImage, userLastNames, userNames, userPassword, userPhone, userReceiveOffersAndNews, userType) VALUES (11, "wjordisona@google.it", "User_Avatar.jpeg", "Jordison", "Weber", "Si7HFa", "271-155-8184", TRUE, "Comprador");
    INSERT INTO users (userId, userEmail, userImage, userLastNames, userNames, userPassword, userPhone, userReceiveOffersAndNews, userType) VALUES (12, "jgulbergb@goo.gl", "User_Avatar.jpeg", "Gulberg", "Janelle", "FFTQjLScoR", "413-411-4617", FALSE, "Comprador");
    INSERT INTO users (userId, userEmail, userImage, userLastNames, userNames, userPassword, userPhone, userReceiveOffersAndNews, userType) VALUES (13, "aashbeyc@twitter.com", "User_Avatar.jpeg", "Ashbey", "Ainsley", "F6HFWKkHCJHe", "267-897-5612", FALSE, "Comprador");
    INSERT INTO users (userId, userEmail, userImage, userLastNames, userNames, userPassword, userPhone, userReceiveOffersAndNews, userType) VALUES (14, "hvossingd@amazon.co.jp", "userImage-1658553182845.jpeg", "Vossing", "Hastings", "k4ewVOwdkmHt", "702-441-9962", FALSE, "Vendedor");
    INSERT INTO users (userId, userEmail, userImage, userLastNames, userNames, userPassword, userPhone, userReceiveOffersAndNews, userType) VALUES (15, "fhatjee@altervista.org", "User_Avatar.jpeg", "Hatje", "Ferrell", "f0HKjDBv", "330-797-8139", TRUE, "Comprador");
    INSERT INTO users (userId, userEmail, userImage, userLastNames, userNames, userPassword, userPhone, userReceiveOffersAndNews, userType) VALUES (16, "prableyf@slashdot.org", "userImage-1658553182847.jpeg", "Rabley", "Penrod", "mfKQvkWAHoQ", "271-813-6756", FALSE, "Comprador");
    INSERT INTO users (userId, userEmail, userImage, userLastNames, userNames, userPassword, userPhone, userReceiveOffersAndNews, userType) VALUES (17, "ibewsheag@purevolume.com", "User_Avatar.jpeg", "Bewshea", "Ian", "IDqXoj3xggkE", "991-950-6448", TRUE, "Vendedor");
    INSERT INTO users (userId, userEmail, userImage, userLastNames, userNames, userPassword, userPhone, userReceiveOffersAndNews, userType) VALUES (18, "calelsandrovichh@ox.ac.uk", "User_Avatar.jpeg", "Alelsandrovich", "Celle", "cAhse0Kstmw", "768-899-7692", TRUE, "Comprador");
    INSERT INTO users (userId, userEmail, userImage, userLastNames, userNames, userPassword, userPhone, userReceiveOffersAndNews, userType) VALUES (19, "fridholei@globo.com", "User_Avatar.jpeg", "Ridhole", "Florentia", "PcR2425HGfDD", "480-332-5684", FALSE, "Comprador");
    INSERT INTO users (userId, userEmail, userImage, userLastNames, userNames, userPassword, userPhone, userReceiveOffersAndNews, userType) VALUES (20, "pocriganj@accuweather.com", "User_Avatar.jpeg", "O'Crigan", "Patience", "d1VoPdb1", "981-196-2613", FALSE, "Vendedor");
    INSERT INTO users (userId, userEmail, userImage, userLastNames, userNames, userPassword, userPhone, userReceiveOffersAndNews, userType) VALUES (21, "esotomayor116@gmail.com", "userImage-1658554822655.png", "Sotomayor", "Edgardo", "78686728", "09709709790", TRUE, "Vendedor");
    INSERT INTO users (userId, userEmail, userImage, userLastNames, userNames, userPassword, userPhone, userReceiveOffersAndNews, userType) VALUES (22, "esotomayor116@gmail.com", "userImage-1658555642017.png", "Belgrano", "Manuel", "$2a$10$cJsLMUanbqO6THIuUUMjBu8hWHqa3P20v8EcBa6LX8SLjGvamjudW", "981373047", FALSE, "Vendedor");
    INSERT INTO users (userId, userEmail, userImage, userLastNames, userNames, userPassword, userPhone, userReceiveOffersAndNews, userType) VALUES (23, "auza@hotmail.com", "userImage-1658674212808.jpg", "Auza", "Sebas", "$2a$10$RO23lVDZCEedxvLsYlj9Fu0zC3u3lSPIW5JPYj/59efQcVPZgSsa6", "1234567890", TRUE, "Comprador");
